timeStamp,temperature,random
1699916330544,22,86
1699916331549,40,63
1699916332555,34,66
1699916333559,1,69
1699916334565,29,69
1699916335571,40,30
1699916336576,-6,52
1699916337577,8,14
1699916338582,-5,75
1699916339584,-13,45
1699916340589,38,11
1699916341595,10,63
1699916342600,4,62
1699916343605,22,72
1699916344606,2,67
1699916345609,9,87
1699916346615,10,9
1699916347619,8,17
1699916348624,-5,21
1699916349630,28,30
1699916350631,19,57
1699916351636,11,8
1699916352639,19,26
1699916353645,6,83
1699916354647,1,9
1699916355648,36,66
1699916356654,-15,94
1699916357660,6,33
1699916358665,39,41
1699916359667,35,34
1699916360668,-19,91
1699916361671,-4,69
1699916362677,6,85
1699916363683,33,68
1699916364685,6,89
1699916365686,21,61
1699916366687,4,70
1699916367689,13,100
1699916368693,21,47
1699916369694,-13,47
1699916370698,-9,49
1699916371704,29,2
1699916372709,23,27
1699916373715,13,66
1699916374721,22,31
1699916375727,15,8
1699916376731,-13,76
1699916377737,-7,100
1699916378737,25,52
1699916379739,-18,60
1699916380745,9,12
1699916381751,20,55
1699916382757,33,70
1699916383758,15,49
1699916384763,39,86
1699916385769,29,84
1699916386772,-12,47
1699916387777,-9,4
1699916388780,-6,82
1699916389786,4,93
1699916390792,14,68
1699916391797,14,50
1699916392799,21,57
1699916393801,27,27
1699916394807,-5,36
1699916395810,33,8
1699916396814,-13,34
1699916397820,-10,53
1699916398825,-8,69
1699916399828,-17,67
1699916400829,20,57
1699916401835,6,29
1699916402839,5,87
1699916403844,-8,75
1699916404850,38,61
1699916405855,33,53
1699916406856,23,53
1699916407857,-1,33
1699916408858,-10,74
1699916409860,26,32
1699916410863,13,44
1699916411868,-15,34
1699916412873,9,93
1699916413879,9,91
1699916414884,34,26
1699916415887,21,16
1699916416893,37,77
1699916417898,12,91
1699916418904,15,81
1699916419910,17,26
1699916420915,-14,62
1699916421921,26,74
1699916422926,-16,25
1699916423929,-4,89
1699916424935,40,32
1699916425941,-16,69
1699916426947,34,18
1699916427952,40,54
1699916428958,32,71
1699916429964,6,24
1699916430970,0,95
1699916431975,11,71
1699916432981,36,46
1699916433986,2,16
1699916434992,20,12
1699916435995,-15,46
1699916437001,-5,38
1699916438004,-4,19
1699916439010,-19,72
1699916440011,22,17
1699916441014,29,30
1699916442018,23,44
1699916443023,13,68
1699916444028,7,28
1699916445031,23,36
1699916446032,37,77
1699916447038,-17,77
1699916448042,27,27
1699916449043,16,5
1699916450048,8,83
1699916451052,-20,26
1699916452057,34,19
1699916453059,-16,17
1699916454064,30,75
1699916455065,-6,87
1699916456071,25,83
1699916457074,27,20
1699916458080,-1,65
1699916459084,-4,14
1699916460087,18,57
1699916461093,-10,100
1699916462096,10,35
1699916463102,36,79
1699916464105,5,40
1699916465111,31,98
1699916466117,-10,7
1699916467123,-20,93
1699916468127,39,3
1699916469130,20,26
1699916470136,13,28
1699916471140,9,14
1699916472142,36,72
1699916473146,24,85
1699916474148,25,1
1699916475154,28,89
1699916476160,-2,74
1699916477161,30,15
1699916478165,34,87
1699916479171,-13,9
1699916480176,8,24
1699916481181,-11,69
1699916482187,-11,21
1699916483190,13,44
1699916484196,15,70
1699916485202,-19,71
1699916486203,29,51
1699916487209,5,97
1699916488212,38,58
1699916489218,-8,79
1699916490221,-20,73
1699916491226,18,30
1699916492228,-16,64
1699916493231,16,58
1699916494234,25,28
1699916495236,5,73
1699916496239,-19,71
1699916497244,-13,37
1699916498249,26,44
1699916499256,15,28
1699916500258,40,70
1699916501264,10,94
1699916502270,21,31
1699916503273,30,68
1699916504276,4,11
1699916505281,0,89
1699916506286,-1,94
1699916507292,-13,13
1699916508296,23,47
1699916509302,17,98
1699916510304,24,55
1699916511309,-3,27
1699916512313,-20,30
1699916513319,-18,64
1699916514320,20,16
1699916515325,-3,76
1699916516328,23,90
1699916517331,31,86
1699916518336,3,66
1699916519342,17,61
1699916520348,37,24
1699916521349,28,74
1699916522350,-10,67
1699916523352,-6,34
1699916524357,-14,72
1699916525358,13,27
1699916526363,-7,5
1699916527369,26,12
1699916528373,37,14
1699916529379,-15,73
1699916530383,35,2
1699916531386,-6,78
1699916532387,36,69
1699916533389,-10,19
1699916534394,1,12
1699916535397,15,41
1699916536403,6,14
1699916537404,37,48
1699916538407,-12,32
1699916539410,34,56
1699916540414,-5,57
1699916541416,-13,86
1699916542421,20,80
1699916543427,-8,19
1699916544432,39,65
1699916545438,30,93
1699916546440,23,6
1699916547443,23,19
1699916548447,21,54
1699916549450,-11,43
1699916550456,39,61
1699916551462,9,27
1699916552468,23,21
1699916553474,37,67
1699916554477,4,70
1699916555481,32,92
1699916556487,32,73
1699916557489,4,69
1699916558493,21,37
1699916559494,21,44
1699916560500,40,27
1699916561505,39,92
1699916562509,-1,10
1699916563512,3,28
1699916564517,-2,59
1699916565523,-2,90
1699916566528,28,63
1699916567533,20,52
1699916568539,38,96
1699916569542,-17,29
1699916570547,32,52
1699916571553,28,93
1699916572558,34,47
1699916573562,39,21
1699916574567,31,14
1699916575573,17,44
1699916576574,4,76
1699916577580,-16,29
1699916578586,-2,77
1699916579588,23,4
1699916580593,23,89
1699916581597,3,48
1699916582602,-7,82
1699916583605,13,74
1699916584611,6,99
1699916585615,12,19
1699916586620,4,78
1699916587626,-16,16
1699916588631,21,87
1699916589634,33,49
1699916590639,40,30
1699916591640,23,11
1699916592645,29,70
1699916593646,10,86
1699916594652,17,98
1699916595658,18,46
1699916596663,13,82
1699916597669,14,86
1699916598675,20,60
1699916599677,15,100
1699916600683,-13,96
1699916601688,33,45
1699916602693,-6,47
1699916603695,25,31
1699916604700,19,16
1699916605706,2,7
1699916606709,19,99
1699916607710,27,28
1699916608713,19,19
1699916609719,24,34
1699916610723,35,100
1699916611725,13,31
1699916612731,3,85
1699916613734,8,70
1699916614737,2,57
1699916615743,25,54
1699916616749,31,86
1699916617751,-11,86
1699916618756,16,77
1699916619762,27,32
1699916620764,27,26
1699916621767,11,94
1699916622770,19,52
1699916623776,-15,45
1699916624781,14,20
1699916625787,-4,79
1699916626792,8,73
1699916627798,-16,96
1699916628799,3,40
1699916629800,15,12
1699916630805,39,94
1699916631808,22,51
1699916632814,35,47
1699916633817,34,25
1699916634823,21,89
1699916635829,17,33
1699916636833,28,63
1699916637835,29,46
1699916638841,-18,53
1699916639847,1,66
1699916640853,18,22
1699916641855,27,54
1699916642858,30,11
1699916643864,3,61
1699916644866,36,14
1699916645872,30,1
1699916646878,-11,58
1699916647882,-16,59
1699916648887,-9,48
1699916649889,22,18
1699916650894,27,13
1699916651897,36,64
1699916652903,9,28
1699916653909,18,97
1699916654915,-1,8
1699916655921,5,50
1699916656923,5,63
1699916657929,-1,68
1699916658934,10,89
1699916659936,2,31
1699916660941,36,91
1699916661947,0,79
1699916662953,18,27
1699916663955,-18,34
1699916664959,8,32
1699916665965,31,15
1699916666971,6,30
1699916667974,-18,78
1699916668980,33,2
1699916669983,-12,90
1699916670989,23,62
1699916671995,3,69
1699916672999,3,53
1699916674002,15,82
1699916675007,-20,90
1699916676013,38,85
1699916677016,-12,65
1699916678020,21,73
1699916679027,2,84
1699916680033,29,24
1699916681036,4,93
1699916682042,-8,87
1699916683048,31,56
1699916684049,32,27
1699916685051,-14,28
1699916686056,20,43
1699916687062,2,42
1699916688064,4,18
1699916689066,0,98
1699916690068,31,32
1699916691074,4,22
1699916692080,-15,40
1699916693085,-7,10
1699916694089,12,43
1699916695095,-3,13
1699916696099,-1,70
1699916697105,25,22
1699916698107,-1,83
1699916699111,4,19
1699916700115,19,62
1699916701121,10,58
1699916702126,19,1
1699916703131,3,71
1699916704133,-2,78
1699916705138,16,69
1699916706142,-16,52
1699916707148,10,94
1699916708154,28,79
1699916709160,-6,46
1699916710166,2,98
1699916711172,14,81
1699916712177,34,9
1699916713182,20,34
1699916714184,27,56
1699916715190,26,91
1699916716196,29,22
1699916717199,-8,2
1699916718205,-10,10
1699916719211,-2,10
1699916720216,4,35
1699916721222,-2,47
1699916722228,-16,2
1699916723233,0,94
1699916724238,27,54
1699916725244,19,37
1699916726249,-15,66
1699916727255,-18,95
1699916728261,22,68
1699916729266,26,44
1699916730270,17,17
1699916731276,7,15
1699916732282,23,53
1699916733285,37,34
1699916734291,-8,6
1699916735297,15,100
1699916736303,13,7
1699916737309,2,5
1699916738312,-20,46
1699916739318,30,16
1699916740324,34,87
1699916741328,9,97
1699916742332,2,71
1699916743338,-16,47
1699916744342,10,51
1699916745344,20,28
1699916746347,-7,94
1699916747351,-17,14
1699916748356,18,99
1699916749360,15,82
1699916750361,38,46
1699916751367,13,96
1699916752373,30,13
1699916753379,1,58
1699916754381,14,23
1699916755387,-18,75
1699916756391,7,43
1699916757397,25,7
1699916758403,7,20
1699916759407,9,10
1699916760410,11,74
1699916761414,-5,89
1699916762417,-11,72
1699916763423,16,83
1699916764429,4,10
1699916765432,10,80
1699916766438,25,66
1699916767444,14,31
1699916768446,13,17
1699916769451,6,69
1699916770456,3,2
1699916771462,28,68
1699916772468,39,81
1699916773474,-16,79
1699916774480,7,71
1699916775486,12,16
1699916776489,30,95
1699916777495,-15,6
1699916778501,3,58
1699916779507,-11,53
1699916780511,9,3
1699916781513,34,83
1699916782516,-13,33
1699916783520,-4,9
1699916784526,29,76
1699916785532,22,39
1699916786538,34,19
1699916787541,-10,95
1699916788546,5,69
1699916789548,24,41
1699916790554,15,13
1699916791560,37,87
1699916792566,28,75
1699916793572,22,3
1699916794576,28,35
1699916795582,-18,58
1699916796584,-5,59
1699916797590,7,66
1699916798595,-19,50
1699916799601,6,16
1699916800603,-20,29
1699916801606,-5,91
1699916802609,-10,28
1699916803612,39,53
1699916804614,28,91
1699916805620,17,33
1699916806624,-1,75
1699916807630,-12,40
1699916808636,1,50
1699916809637,23,79
1699916810642,-12,56
1699916811648,20,82
1699916812654,-20,59
1699916813660,13,86
1699916814664,-9,57
1699916815665,1,34
1699916816668,15,15
1699916817672,-11,7
1699916818677,2,35
1699916819681,-7,61
1699916820687,34,92
1699916821691,14,80
1699916822697,11,5
1699916823702,-14,100
1699916824706,37,66
1699916825712,-10,17
1699916826718,34,29
1699916827724,14,89
1699916828730,0,37
1699916829735,-10,62
1699916830741,-12,9
1699916831747,2,8
1699916832753,22,49
1699916833759,-17,9
1699916834763,-8,94
1699916835766,25,22
1699916836771,9,87
1699916837777,-10,63
1699916838782,11,92
1699916839785,-17,75
1699916840791,33,4
1699916841793,-19,42
1699916842799,-7,79
1699916843802,-3,6
1699916844807,0,12
1699916845813,-15,13
1699916846817,4,94
1699916847823,24,79
1699916848829,-16,84
1699916849832,29,76
1699916850834,-9,44
1699916851840,-14,47
1699916852846,29,91
1699916853852,7,56
1699916854856,3,63
1699916855858,26,20
1699916856864,15,58
1699916857870,8,100
1699916858871,18,49
1699916859872,20,9
1699916860878,9,67
1699916861884,-4,74
1699916862890,32,100
1699916863894,11,85
1699916864898,1,56
1699916865903,31,23
1699916866907,34,32
1699916867912,39,29
1699916868918,-5,16
1699916869924,5,83
1699916870930,9,2
1699916871936,2,78
1699916872942,31,18
1699916873945,22,70
1699916874949,36,96
1699916875955,39,5
1699916876960,-15,64
1699916877963,-13,94
1699916878968,1,64
1699916879970,13,71
1699916880971,32,97
1699916881977,16,98
1699916882983,25,90
1699916883989,-4,94
1699916884991,6,60
1699916885997,10,32
1699916887003,-7,62
1699916888008,7,2
1699916889014,40,63
1699916890017,21,69
1699916891023,10,7
1699916892029,-7,16
1699916893031,31,91
1699916894036,-7,91
1699916895040,21,88
1699916896046,13,97
1699916897052,11,4
1699916898057,35,58
1699916899062,7,56
1699916900068,26,19
1699916901073,39,85
1699916902076,-1,15
1699916903082,-6,1
1699916904088,14,28
1699916905094,-5,56
1699916906100,15,43
1699916907106,23,51
1699916908112,40,47
1699916909117,25,19
1699916910120,9,23
1699916911126,-11,34
1699916912131,-5,62
1699916913137,-3,65
1699916914143,-20,50
1699916915145,6,72
1699916916149,20,100
1699916917155,-18,28
1699916918161,-2,98
1699916919167,-7,26
1699916920170,-8,39
1699916921173,2,59
1699916922179,5,79
1699916923190,-7,32
1699916924195,32,15
1699916925203,38,98
1699916926205,27,51
1699916927213,-6,39
1699916928224,9,23
1699916929235,38,45
1699916930246,39,46
1699916931257,36,68
1699916932261,34,67
1699916933272,37,60
1699916934277,9,19
1699916935287,33,51
1699916936298,9,72
1699916937309,28,8
1699916938320,-4,42
1699916939328,-6,96
1699916940337,-12,27
1699916941344,12,94
1699916942354,-15,80
1699916943365,40,85
1699916944376,3,37
1699916945382,-9,32
1699916946393,-14,62
1699916947404,21,6
1699916948409,3,67
1699916949416,0,78
1699916950427,-11,22
1699916951436,0,52
1699916952444,27,54
1699916953455,-8,60
1699916954465,26,89
1699916955471,-3,52
1699916956482,16,80
1699916957490,28,42
1699916958501,-15,91
1699916959512,-7,43
1699916960523,3,98
1699916961525,-4,65
1699916962532,0,34
1699916963543,-14,31
1699916964550,37,65
1699916965557,2,50
1699916966567,30,3
1699916967571,10,64
1699916968582,24,64
1699916969593,14,71
1699916970604,-20,32
1699916971615,-19,65
1699916972626,36,18
1699916973637,25,82
1699916974648,20,18
1699916975655,-20,10
1699916976661,-18,2
1699916977672,32,79
1699916978679,-4,31
1699916979681,-20,59
1699916980688,22,8
1699916981697,-19,63
1699916982705,6,69
1699916983715,35,55
1699916984726,36,66
1699916985737,34,36
1699916986748,19,38
1699916987759,21,62
1699916988765,-14,44
1699916989776,-17,55
1699916990781,30,74
1699916991785,28,49
1699916992795,34,20
1699916993799,10,98
1699916994806,29,27
1699916995810,24,14
1699916996821,6,40
1699916997827,-20,68
1699916998835,20,14
1699916999839,-18,87
1699917000849,9,95
1699917001860,20,24
1699917002866,34,99
1699917003873,4,57
1699917004881,14,61
1699917005885,-14,65
1699917006896,-11,59
1699917007904,9,78
1699917008915,29,72
1699917009926,-17,53
1699917010935,-4,38
1699917011946,-5,34
1699917012949,21,45
1699917013960,-2,69
1699917014969,11,19
1699917015971,21,75
1699917016981,32,66
1699917017989,12,73
1699917019000,-1,88
1699917020009,-9,7
1699917021015,17,15
1699917022022,31,55
1699917023033,-20,87
1699917024044,27,45
1699917025051,-17,34
1699917026060,3,12
1699917027071,-6,11
1699917028075,-10,83
1699917029086,0,52
1699917030097,-17,16
1699917031099,28,98
1699917032110,-3,20
1699917033119,37,12
1699917034126,10,1
1699917035137,-20,15
1699917036144,32,30
1699917037153,-3,83
1699917038163,14,77
1699917039174,1,67
1699917040176,33,26
1699917041187,21,58
1699917042198,31,37
1699917043209,-7,4
1699917044220,-17,17
1699917045231,20,37
1699917046242,24,99
1699917047251,25,20
1699917048258,-18,25
1699917049262,17,90
1699917050264,17,64
1699917051274,-1,66
1699917052280,37,79
1699917053292,4,21
1699917054299,37,14
1699917055310,-8,58
1699917056314,6,24
1699917057319,5,35
1699917058326,20,35
1699917059334,18,96
1699917060343,-12,59
1699917061354,38,8
1699917062361,28,73
1699917063370,16,86
1699917064378,10,3
1699917065389,-13,35
1699917066399,22,57
1699917067407,18,27
1699917068418,33,58
1699917069424,8,61
1699917070429,-14,74
1699917071438,-9,80
1699917072442,-12,9
1699917073453,-7,32
1699917074457,31,97
1699917075460,-7,96
1699917076470,25,29
1699917077476,34,40
1699917078484,-20,83
1699917079495,-9,38
1699917080505,-3,8
1699917081516,29,84
1699917082527,15,61
1699917083538,-14,69
1699917084541,-5,11
1699917085542,8,3
1699917086553,9,100
1699917087559,16,15
1699917088570,38,97
1699917089576,2,15
1699917090586,17,81
1699917091597,7,78
1699917092608,-1,89
1699917093619,20,7
1699917094623,26,87
1699917095631,-7,32
1699917096642,6,88
1699917097653,-3,17
1699917098664,27,97
1699917099674,16,41
1699917100683,13,24
1699917101694,20,7
1699917102702,1,52
1699917103706,-15,44
1699917104717,26,99
1699917105728,5,61
1699917106738,8,83
1699917107739,10,18
1699917108741,-8,73
1699917109752,-4,40
1699917110759,31,94
1699917111769,-12,95
1699917112779,-7,7
1699917113788,13,73
1699917114797,-11,18
1699917115808,20,9
1699917116813,14,33
1699917117823,40,65
1699917118824,34,7
1699917119835,1,12
1699917120842,28,19
1699917121850,-6,42
1699917122853,32,45
1699917123861,-7,9
1699917124868,5,68
1699917125878,15,91
1699917126881,36,33
1699917127892,-18,69
1699917128903,22,34
1699917129908,2,47
1699917130917,-8,22
1699917131922,-7,32
1699917132932,2,48
1699917133935,-6,8
1699917134944,40,27
1699917135955,9,8
1699917136966,11,8
1699917137972,2,27
1699917138982,40,81
1699917139990,17,49
1699917141000,1,29
1699917142001,6,18
1699917143011,33,68
1699917144019,27,38
1699917145023,16,16
1699917146024,-16,54
1699917147035,-8,29
1699917148045,-15,71
1699917149054,7,31
1699917150060,26,89
1699917151064,-18,92
1699917152075,6,48
1699917153085,-14,88
1699917154091,38,34
1699917155099,17,59
1699917156105,35,97
1699917157116,8,43
1699917158126,40,88
1699917159128,38,35
1699917160131,-3,66
1699917161135,-9,40
1699917162146,-14,4
1699917163157,-15,40
1699917164161,-1,14
1699917165168,7,73
1699917166171,-9,31
1699917167182,8,10
1699917168193,-1,42
1699917169204,3,8
1699917170215,29,17
1699917171224,17,4
1699917172234,13,88
1699917173244,-7,63
1699917174248,25,23
1699917175259,27,67
1699917176269,-6,94
1699917177275,40,42
1699917178283,-15,74
1699917179287,13,30
1699917180298,-14,91
1699917181309,14,90
1699917182315,24,72
1699917183319,-10,93
1699917184325,-16,79
1699917185331,38,22
1699917186342,33,63
1699917187353,-19,42
1699917188364,12,11
1699917189371,6,99
1699917190378,2,93
1699917191389,-11,57
1699917192395,-13,13
1699917193406,-2,95
1699917194416,10,45
1699917195425,28,60
1699917196427,-12,21
1699917197438,12,80
1699917198447,23,88
1699917199449,15,45
1699917200452,35,53
1699917201462,33,47
1699917202473,14,3
1699917203484,8,42
1699917204491,5,41
1699917205501,2,64
1699917206509,-4,1
1699917207520,-15,41
1699917208526,38,85
1699917209530,22,34
1699917210532,-14,65
1699917211535,23,61
1699917212546,0,65
1699917213548,26,5
1699917214559,27,3
1699917215569,22,72
1699917216578,10,21
1699917217586,8,57
1699917218595,6,59
1699917219597,23,9
1699917220608,34,29
1699917221614,-13,84
1699917222625,5,74
1699917223635,9,2
1699917224637,17,25
1699917225648,21,22
1699917226656,3,65
1699917227661,9,60
1699917228671,1,87
1699917229679,-6,10
1699917230689,34,24
1699917231702,34,58
1699917232703,26,87
1699917233714,15,95
1699917234724,0,13
1699917235735,16,74
1699917236745,29,7
1699917237752,-15,11
1699917289313,-2,46
1699917290424,2,28
1699917291431,-3,98
1699917292437,12,51
1699917293438,-4,60
1699917294440,-9,49
1699917295446,3,83
1699917296451,22,44
1699917297456,25,22
1699917298462,-17,3
1699917299468,20,50
1699917300473,20,52
1699917301479,18,78
1699917302481,36,49
1699917303485,-9,41
1699917304489,11,71
1699917305493,26,67
1699917306498,34,13
1699917307504,-13,72
1699917308507,34,99
1699917309509,21,48
1699918475832,-15,30
1699918476838,3,71
1699918477844,37,78
1699918478845,-8,49
1699918479851,3,79
1699918480856,-4,58
1699918481862,38,91
1699918482868,13,20
1699918483874,28,44
1699918484879,6,57
1699918485883,30,43
1699918486884,39,33
1699918487887,19,13
1699918488890,14,90
1699918489892,6,59
1699918490897,17,17
1699918491904,4,70
1699918492909,30,44
1699918493915,-13,45
1699918494920,-9,1
1699918495926,-9,90
1699918496931,-19,66
1699918497937,28,88
1699918498943,-2,11
1699918499948,11,79
1699918500949,-10,76
1699918501954,22,28
1699918502959,-10,6
1699918503965,-8,97
1699918504971,19,92
1699918505973,36,31
1699918506979,23,17
1699918507985,38,42
1699918508986,11,58
1699918509991,-9,40
1699918510997,-2,50
1699918512000,39,38
1699918513002,31,30
1699918514007,6,70
1699918515009,12,25
1699918516015,-14,60
1699918517021,31,37
1699918518026,-17,46
1699918519032,-12,10
1699918520036,18,43
1699918521038,9,1
1699918522043,-17,73
1699918523045,35,96
1699918524049,40,64
1699918525053,29,1
1699921855509,-15,88
1699921856514,16,41
1699921857519,37,99
1699921858525,-4,65
1699921859530,37,33
1699921860536,37,31
1699921861541,18,32
1699921862543,12,84
1699921863549,25,13
1699921864554,-10,48
1699921865556,-5,49
1699921866562,22,12
1699921867568,8,47
1699921868574,-17,11
1699921869579,-4,44
1699921870581,-18,78
1699921871587,5,2
1699921872589,-5,15
1699921873595,-19,44
1699921874600,15,61
1699921875606,4,14
1699921876607,32,62
1699921877613,0,11
1699921878617,39,56
1699921879622,19,1
1699921880628,28,47
1699921881629,-12,42
1699921882634,32,35
1699921883636,-16,70
1699921884641,26,79
1699921885647,13,40
1699921886653,14,97
1699921887654,15,14
1699921888659,-15,84
1699921889662,-17,6
1699921890664,10,18
1699921891669,16,33
1699921892675,38,45
1699921893680,22,93
1699921894681,33,13
1699921895686,11,77
1699921896692,24,35
1699921897698,40,94
1699921898702,-8,73
1699921899707,26,28
1699921900713,-3,6
1699921901719,6,3
1699921902725,-9,22
1699921903731,7,11
1699921904737,5,98
1699921905742,27,47
1699921906748,-5,28
1699921907754,-20,32
1699921908756,0,45
1699921909760,9,47
1699921910765,-9,83
1699921911769,-10,59
1699921912775,18,18
1699921913780,18,12
1699921914782,20,19
1699921915787,31,54
1699921916792,12,76
1699921917797,19,15
1699921918803,-14,25
1699921919804,36,86
1699921920807,-11,76
1699921921811,-20,36
1699921922815,33,32
1699921923820,-4,71
1699921924826,-20,91
1699921925830,14,51
1699921926836,-13,37
1699921927841,-13,88
1699921928846,0,8
1699921929851,35,9
1699921930857,6,100
1699921931863,-1,38
1699921932868,14,1
1699921933870,32,96
1699921934872,8,18
1699921935873,-17,12
1699921936878,-18,6
1699921937880,36,18
1699921938886,21,12
1699921939892,-10,32
1699921940896,13,93
1699921941897,40,69
1699921942899,32,24
1699921943904,-6,39
1699921944910,17,60
1699921945912,-6,66
1699921946916,-8,92
1699921947922,6,76
1699921948927,35,65
1699921949932,-5,27
1699921950938,-13,95
1699921951945,8,82
1699921952951,4,26
1699921953957,7,52
1699921954963,10,69
1699921955968,25,13
1699921956974,-13,42
1699921957979,37,77
1699921958984,5,50
1699921959989,15,61
1699921960994,-7,29
1699921962000,27,6
1699921963006,11,56
1699921964011,5,42
1699921965013,11,12
1699921966019,-11,75
1699921967024,-11,48
1699921968030,8,43
1699921969036,2,54
1699921970041,6,28
1699921971047,-7,70
1699921972053,-16,46
1699921973059,-4,89
1699921974063,20,72
1699921975069,-1,35
1699921976074,-4,64
1699921977075,-7,100
1699921978080,16,32
1699921979086,10,30
1699921980091,-18,89
1699921981097,-12,61
1699921982102,8,8
1699921983108,25,25
1699921984109,1,27
1699921985115,13,74
1699921986121,2,39
1699921987126,1,22
1699921988132,31,72
1699921989137,16,48
1699921990142,-13,52
1699921991148,37,68
1699921992154,19,36
1699921993155,-17,36
1699921994160,30,67
1699921995162,-20,19
1699921996168,37,33
1699921997171,36,60
1699921998177,36,48
1699921999179,3,11
1699922000185,-7,7
1699922001191,-5,70
1699922002196,-14,29
1699922003202,-11,34
1699922004203,32,24
1699922005208,13,21
1699922006214,12,100
1699922007216,-2,63
1699922008223,36,7
1699922009228,39,84
1699922010234,-9,71
1699922011236,7,15
1699922012242,-20,37
1699922013246,5,83
1699922014252,24,68
1699922015255,0,84
1699922016260,1,23
1699922017262,5,37
1699922018267,38,76
1699922019273,-5,70
1699922020279,0,77
1699922021285,-11,59
1699922022287,-4,53
1699922023293,-17,23
1699922024299,-1,6
1699922025305,-12,9
1699922026311,-1,68
1699922027317,18,86
1699922028321,-1,22
1699922029327,11,24
1699922030333,-12,1
1699922031335,-19,34
1699922032338,2,87
1699922033343,-7,63
1699922034349,-17,9
1699922035351,2,44
1699922036352,-20,70
1699922037356,19,2
1699922038357,21,26
1699922039359,36,57
1699922040364,31,47
1699922041370,-13,17
1699922042373,-2,55
1699922043379,16,91
1699922044385,19,97
1699922045391,9,4
1699922046393,36,61
1699922047394,35,66
1699922048397,13,28
1699922049403,-5,50
1699922050409,-12,40
1699922051414,37,8
1699922052419,38,43
1699922053424,14,26
1699922054431,-18,10
1699922055438,16,51
1699922056446,31,34
1699922057454,25,8
1699922058461,-18,83
1699922059465,14,34
1699922060472,22,23
1699922061479,15,8
1699922062487,6,92
1699922063489,11,6
1699922064491,-13,16
1699922065495,38,27
1699922066502,8,63
1699922067508,27,75
1699922068511,17,93
1699922069516,8,11
1699922070522,-17,30
1699922071524,20,56
1699922072531,17,9
1699922073538,32,35
1699922074542,23,50
1699922075549,20,100
1699922076554,2,8
1699922077561,26,91
1699922078567,33,94
1699922079570,12,76
1699922080575,36,89
1699922081581,8,95
1699922082587,2,9
1699922083593,-10,98
1699922084599,14,42
1699922085604,2,52
1699922086610,37,61
1699922087613,16,73
1699922088618,16,75
1699922089620,-8,79
1699922090624,32,27
1699922091630,-5,45
1699922092636,20,27
1699922093642,-10,28
1699922094648,2,76
1699922095651,16,6
1699922096657,1,23
1699922097662,8,6
1699922098668,40,39
1699922099674,-12,18
1699922100680,26,61
1699922101686,14,40
1699922102688,-19,97
1699922103691,13,12
1699922104696,31,5
1699922105698,7,85
1699922106704,29,77
1699922107707,16,41
1699922108709,2,59
1699922109712,32,18
1699922110718,35,57
1699922111723,15,65
1699922112726,31,88
1699922113732,25,54
1699922114738,-2,39
1699922115745,33,50
1699922116750,38,32
1699922117756,-9,46
1699922118761,32,13
1699922119763,-7,93
1699922120768,10,28
1699922121772,-5,8
1699922122779,13,21
1699922123781,8,51
1699922124787,22,71
1699922125792,9,56
1699922126797,-5,44
1699922127802,-11,46
1699922128808,-13,11
1699922129809,10,5
1699922130815,16,29
1699922131821,-17,12
1699922132826,28,60
1699922133832,19,9
1699922134835,32,72
1699922135840,5,72
1699922136846,-9,24
1699922137849,23,7
1699922138853,-19,73
1699922139855,37,82
1699922140861,13,33
1699922141867,29,88
1699922142873,1,33
1699922143879,-2,16
1699922144885,15,55
1699922145889,31,100
1699922146895,28,81
1699922147900,9,33
1699922148907,15,30
1699922149913,26,84
1699922150918,14,89
1699922151924,-14,27
1699922152930,10,51
1699922153936,17,12
1699922154938,9,35
1699922155944,30,71
1699922156949,0,53
1699922157955,12,75
1699922158958,33,89
1699922159963,22,5
1699922160967,36,23
1699922161972,9,84
1699922162977,-3,81
1699922163983,-13,34
1699922164988,11,41
1699922165994,-15,80
1699922167001,33,33
1699922168002,12,93
1699922169006,-5,38
1699922170012,37,42
1699922171017,-19,99
1699922172023,-18,89
1699922173028,10,47
1699922174034,-9,47
1699922175039,-5,79
1699922176041,38,26
1699922177046,-9,11
1699922178052,-13,33
1699922179058,7,95
1699922180061,27,45
1699922181065,3,50
1699922182070,5,7
1699922183075,-4,19
1699922184079,37,50
1699922185080,-9,68
1699922186086,1,54
1699922187091,35,19
1699922188097,27,84
1699922189101,4,54
1699922190106,18,22
1699922191112,15,7
1699922192118,10,10
1699922193124,0,80
1699922194129,16,58
1699922195134,30,68
1699922196139,34,57
1699922197145,31,22
1699922198146,35,79
1699922199152,-13,69
1699922200157,12,32
1699922201163,36,56
1699922202169,-17,87
1699922203170,-15,75
1699922204176,39,88
1699922205182,-13,12
1699922206184,12,69
1699922207189,30,85
1699922208193,14,80
1699922209195,8,17
1699922210201,-7,99
1699922211206,25,43
1699922212212,-6,61
1699922213217,17,28
1699922214223,-2,65
1699922215228,26,22
1699922216230,1,87
1699922217236,6,71
1699922218241,32,5
1699922219246,-12,99
1699922220251,-9,33
1699922221256,-2,74
1699922222262,33,95
1699922223268,15,50
1699922224269,-9,92
1699922225273,14,44
1699922226279,-1,7
1699922227281,2,55
1699922228282,-16,97
1699922229287,-17,3
1699922230288,10,1
1699922231293,37,52
1699922232295,37,100
1699922233297,31,81
1699922234302,15,69
1699922235307,31,79
1699922236313,3,6
1699922237314,-7,32
1699922238319,21,40
1699922239322,-15,67
1699922240327,39,80
1699922241333,-15,9
1699922242339,1,91
1699922243345,40,61
1699922244350,34,84
1699922245356,38,54
1699922246357,0,28
1699922247360,15,38
1699922248365,31,74
1699922249371,4,97
1699922250377,-12,65
1699922251381,31,30
1699922252387,26,61
1699922253393,-6,60
1699922254398,4,91
1699922255401,11,84
1699922256405,40,78
1699922257408,33,93
1699922258413,32,3
1699922259419,8,49
1699922260424,-14,39
1699922261430,26,91
1699922262435,-3,67
1699922263440,-9,92
1699922264446,-20,34
1699922265448,4,29
1699922266449,-10,53
1699922267454,8,48
1699922268460,-20,13
1699922269466,3,34
1699922270471,-19,85
1699922271473,-8,67
1699922272479,-17,83
1699922273485,40,32
1699922274491,31,78
1699922275497,35,9
1699922276503,-13,91
1699922277509,0,72
1699922278515,6,65
1699922279521,-1,33
1699922280523,27,100
1699922281529,20,93
1699922282535,-1,6
1699922283541,-17,100
1699922284547,-6,36
1699922285552,33,90
1699922286558,10,67
1699922287562,22,4
1699922288563,39,48
1699922289565,-13,30
1699922290571,-13,89
1699922291576,-9,86
1699922292582,10,45
1699922293588,26,5
1699922294594,-3,100
1699922295599,17,19
1699922296605,-7,58
1699922297610,17,80
1699922298613,-7,7
1699922299619,22,99
1699922300621,21,26
1699922301627,36,98
1699922302632,14,70
1699922303638,37,77
1699922304645,19,8
1699922305646,33,10
1699922306652,-18,17
1699922307658,-10,56
1699922308664,-18,55
1699922309669,-15,44
1699922310674,29,1
1699922311680,31,35
1699922312686,6,68
1699922313691,38,61
1699922314697,-3,98
1699922315703,15,13
1699922316707,8,7
1699922317713,23,79
1699922318716,-13,79
1699922319722,-14,81
1699922320724,12,41
1699922321728,-20,9
1699922322735,34,4
1699922323741,-10,46
1699922324746,18,91
1699922325752,27,45
1699922326758,-9,88
1699922327759,-17,74
1699922328765,32,83
1699922329767,25,11
1699922330773,14,50
1699922331778,16,64
1699922332784,-8,37
1699922333790,32,23
1699922334796,17,38
1699922335801,1,56
1699922336807,-8,99
1699922337811,15,40
1699922338816,36,22
1699922339822,22,6
1699922340827,22,88
1699922341834,18,44
1699922342839,9,5
1699922343845,-7,81
1699922344851,25,53
1699922345857,12,34
1699922346863,-9,32
1699922347864,37,41
1699922348870,32,55
1699922349873,13,72
1699922350875,37,44
1699922351881,0,77
1699922352883,1,86
1699922353888,-16,74
1699922354893,4,72
1699922355899,32,28
1699922356904,17,43
1699922357910,1,70
1699922358914,13,78
1699922359920,30,62
1699922360923,17,48
1699922361929,3,28
1699922362932,29,41
1699922363938,-15,97
1699922364942,3,43
1699922365948,-16,4
1699922366953,3,61
1699922367958,27,25
1699922368964,19,83
1699922369970,4,53
1699922370974,-12,14
1699922371976,36,48
1699922372982,-8,20
1699922373987,-18,78
1699922374993,-6,1
1699922375999,29,5
1699922377005,-13,71
1699922378011,12,89
1699922379016,-15,69
1699922380020,26,92
1699922381026,-2,20
1699922382032,-15,22
1699922383038,18,41
1699922384043,11,8
1699922385048,-19,53
1699922386054,2,51
1699922387060,10,5
1699922388061,38,30
1699922389066,21,33
1699922390072,-8,91
1699922391077,-16,51
1699922392083,30,46
1699922393088,-15,25
1699922394094,3,17
1699922395100,35,58
1699922396102,28,4
1699922397108,23,94
1699922398110,-15,2
1699922399116,38,30
1699922400120,0,85
1699922401124,-7,16
1699922402130,-8,23
1699922403136,11,17
1699922404142,5,46
1699922405147,2,9
1699922406152,39,7
1699922407153,37,67
1699922408160,15,94
1699922409166,10,36
1699922410171,2,4
1699922411177,20,6
1699922412183,30,17
1699922413189,19,88
1699922414192,34,78
1699922415198,1,3
1699922416203,-19,98
1699922417208,25,94
1699922418214,9,13
1699922419219,8,78
1699922420225,9,1
1699922421227,-6,70
1699922422232,8,1
1699922423239,16,90
1699922424245,-20,88
1699922425250,24,67
1699922426256,25,57
1699922427261,25,86
1699922428270,-9,28
1699922429276,9,37
1699922430277,16,76
1699922431282,37,56
1699922432288,37,66
1699922433294,-12,26
1699922434299,38,6
1699922435301,27,42
1699922436307,13,81
1699922437308,10,96
1699922438314,-7,49
1699922439319,1,75
1699922440325,26,16
1699922441331,-1,12
1699922442336,14,79
1699922443342,-17,79
1699922444348,-3,73
1699922445354,35,40
1699922446359,13,97
1699922447361,14,66
1699922448365,-15,94
1699922449370,19,25
1699922450375,13,53
1699922451381,32,30
1699922452387,2,4
1699922453393,38,23
1699922454397,25,58
1699922455403,35,45
1699922456409,10,21
1699922457412,21,48
1699922458416,-6,63
1699922459418,8,57
1699922460423,8,67
1699922461428,-10,2
1699922462432,37,16
1699922463438,-18,69
1699922464443,25,94
1699922465450,30,59
1699922466455,5,39
1699922467461,-17,60
1699922468463,21,28
1699922469468,39,72
1699922470474,17,94
1699922471477,32,61
1699922472482,35,26
1699922473487,-13,51
1699922474493,24,56
1699922475496,-18,78
1699922476501,-7,85
1699922477507,-19,82
1699922478513,22,17
1699922479519,-16,39
1699922480521,19,100
1699922481527,12,22
1699922482529,15,14
1699922483535,-10,79
1699922484540,34,80
1699922485545,40,92
1699922486551,29,76
1699922487555,-18,47
1699922488559,13,92
1699922489563,12,76
1699922490568,-2,2
1699922491573,12,65
1699922492579,39,11
1699922493584,0,73
1699922494590,-8,93
1699922495596,-14,62
1699922496598,37,23
1699922497603,0,6
1699922498609,-4,91
1699922499614,7,79
1699922500621,39,9
1699922501627,-17,63
1699922502632,-19,16
1699922503638,30,31
1699922504643,5,62
1699922505648,7,30
1699922506654,28,19
1699922507655,9,88
1699922508661,6,63
1699922509662,8,11
1699922510667,4,34
1699922511668,33,10
1699922512673,-12,56
1699922513679,21,40
1699922514684,-11,11
1699922515689,-18,78
1699922516694,28,67
1699922517699,26,23
1699922518705,26,22
1699922519711,16,28
1699922520717,3,89
1699922521722,35,47
1699922522728,13,65
1699922523734,-11,88
1699922524740,26,85
1699922525744,24,91
1699922526749,8,70
1699922527753,-20,67
1699922528756,29,9
1699922529759,33,2
1699922530761,-10,64
1699922531764,29,72
1699922532769,16,66
1699922533775,35,16
1699922534780,-1,54
1699922535783,23,76
1699922536790,13,61
1699922537791,-4,14
1699922538797,38,82
1699922539802,26,81
1699922540807,4,14
1699922541809,-9,5
1699922542810,19,23
1699922543816,10,18
1699922544822,26,27
1699922545828,24,49
1699922546834,12,76
1699922547840,9,44
1699922548845,17,51
1699922549847,9,41
1699922550850,35,7
1699922551856,33,29
1699922552859,35,98
1699922553864,18,8
1699922554870,22,44
1699922555876,13,36
1699922556881,9,18
1699922557887,-5,84
1699922558890,11,66
1699922559892,-20,4
1699922560895,-5,92
1699922561901,9,64
1699922562907,24,49
1699922563912,11,45
1699922564917,8,26
1699922565919,10,4
1699922566922,40,14
1699922567924,18,91
1699922568929,1,11
1699922569935,38,24
1699922570937,20,25
1699922571943,-2,99
1699922572949,31,41
1699922573951,12,24
1699922574953,33,58
1699922575958,32,95
1699922576965,-2,72
1699922577969,-16,5
1699922578972,-5,55
1699922579975,17,57
1699922580980,-13,36
1699922581986,-12,1
1699922582991,5,69
1699922583998,3,24
1699922584999,38,75
1699922586005,-6,71
1699922587011,27,13
1699922588013,-1,99
1699922589018,14,12
1699922590024,-19,81
1699922591026,37,43
1699922592031,31,22
1699922593036,19,92
1699922594042,4,54
1699922595048,-5,93
1699922596054,1,91
1699922597061,33,66
1699922598067,14,80
1699922599072,-4,77
1699922600077,19,79
1699922601083,16,41
1699922602088,39,56
1699922603093,-18,78
1699922604097,8,33
1699922605098,24,12
1699922606104,-15,71
1699922607104,30,13
1699922608110,31,23
1699922609115,26,40
1699922610120,-11,70
1699922611126,29,29
1699922612130,1,19
1699922613135,22,33
1699922614141,11,31
1699922615146,12,83
1699922616151,8,56
1699922617153,7,74
1699922618162,9,8
1699922619168,37,52
1699922620169,-15,65
1699922621172,-14,73
1699922622177,16,18
1699922623183,14,64
1699922624183,-13,28
1699922625184,36,57
1699922626190,37,74
1699922627196,7,23
1699922628201,-20,44
1699922629206,39,52
1699922630210,39,53
1699922631216,26,87
1699922632219,13,26
1699922633220,32,20
1699922634225,26,10
1699922635226,39,21
1699922636233,3,6
1699922637240,16,60
1699922638241,24,54
1699922639247,-18,98
1699922640252,11,98
1699922641258,5,72
1699922642263,30,22
1699922643269,35,83
1699922644274,-19,26
1699922645276,-16,46
1699922646277,18,31
1699922647281,32,84
1699922648287,40,42
1699922649291,32,62
1699922650294,4,23
1699922651299,-14,76
1699922652302,3,91
1699922653308,31,23
1699922654310,-6,100
1699922655314,-10,64
1699922656320,-9,91
1699922657325,21,8
1699922658329,18,72
1699922659335,-9,57
1699922660340,26,14
1699922661346,1,35
1699922662350,22,73
1699922663352,24,17
1699922664357,-12,74
1699922665363,-19,97
1699922666368,31,10
1699922667373,6,71
1699922668379,9,14
1699922669385,2,36
1699922670388,-13,3
1699922671393,11,72
1699922672399,34,23
1699922673401,0,31
1699922674408,12,40
1699922675410,1,31
1699922676416,18,20
1699922677418,17,96
1699922678424,-19,82
1699922679428,27,10
1699922680434,-19,23
1699922681439,-5,3
1699922682440,17,91
1699922683446,-10,92
1699922684448,-15,21
1699922685453,2,50
1699922686458,20,94
1699922687461,26,12
1699922688466,-6,44
1699922689467,-16,18
1699922690472,-1,59
1699922691478,31,74
1699922692483,29,20
1699922693489,31,13
1699922694495,22,17
1699922695501,-15,39
1699922696506,-15,2
1699922697512,32,84
1699922698518,-6,25
1699922699521,7,35
1699922700527,15,14
1699922701532,-19,79
1699922702533,22,1
1699922703539,6,33
1699922704540,2,90
1699922705545,-4,97
1699922706551,24,10
1699922707554,3,59
1699922708559,14,37
1699922709562,10,34
1699922710568,12,66
1699922711569,30,59
1699922712575,27,53
1699922713578,-15,11
1699922714580,-9,69
1699922715586,1,6
1699922716592,25,61
1699922717597,11,36
1699922718600,39,28
1699922719604,1,5
1699922720609,-12,1
1699922721615,-7,68
1699922722617,-17,37
1699922723622,14,24
1699922724628,19,21
1699922725632,-20,64
1699922726638,3,48
1699922727642,37,12
1699922728648,-7,64
1699922729654,-11,67
1699922730657,16,53
1699922731659,34,68
1699922732662,36,14
1699922733668,24,85
1699922734673,26,63
1699922735676,-14,14
1699922736680,5,29
1699922737686,13,29
1699922738691,11,58
1699922739696,22,66
1699922740701,18,100
1699922741704,-15,19
1699922742709,6,94
1699922743715,-4,24
1699922744720,-2,97
1699922745725,6,58
1699922746731,30,28
1699922747732,2,34
1699922748736,-19,78
1699922749741,26,86
1699922750742,-19,28
1699922751748,0,55
1699922752753,-10,59
1699922753759,-11,72
1699922754765,19,12
1699922755771,4,15
1699922756776,13,25
1699922757782,36,30
1699922758786,22,70
1699922759796,11,20
1699922760802,5,19
1699922761808,0,6
1699922762814,40,60
1699922763820,30,45
1699922764822,38,19
1699922765824,14,56
1699922766826,22,41
1699922767831,13,15
1699922768837,-6,64
1699922769842,8,13
1699922770844,-11,24
1699922771849,30,43
1699922772855,18,29
1699922773861,-14,65
1699922774867,9,30
1699922775873,12,15
1699922776878,-10,6
1699922777884,15,73
1699922778889,-12,16
1699922779891,12,67
1699922780895,10,86
1699922781901,-17,27
1699922782906,36,85
1699922783911,5,62
1699922784917,38,57
1699922785922,21,53
1699922786927,9,55
1699922787933,31,1
1699922788939,-18,65
1699922789939,35,27
1699922790945,-2,40
1699922791948,-19,98
1699922792954,19,87
1699922793956,-6,34
1699922794962,23,71
1699922795968,33,59
1699922796974,0,69
1699922797975,30,100
1699922798981,-11,46
1699922799984,16,31
1699922800987,-10,47
1699922801991,29,40
1699922802997,31,70
1699922803999,37,59
1699922805003,-15,66
1699922806009,37,99
1699922807013,14,88
1699922808019,29,6
1699922809025,-2,62
1699922810030,33,87
1699922811036,31,27
1699922812040,-11,99
1699922813046,13,52
1699922814047,33,14
1699922815053,13,75
1699922816059,24,41
1699922817065,30,39
1699922818069,10,24
1699922819074,-11,8
1699922820079,21,40
1699922821085,-10,11
1699922822086,31,26
1699922823092,27,52
1699922824098,-8,23
1699922825100,32,35
1699922826106,-9,82
1699922827106,19,82
1699922828112,-4,57
1699922829118,1,14
1699922830123,11,100
1699922831129,32,27
1699922832132,-8,34
1699922833138,-16,66
1699922834144,5,2
1699922835150,-16,80
1699922836156,27,10
1699922837161,6,40
1699922838164,3,52
1699922839170,18,74
1699922840171,-5,69
1699922841174,24,13
1699922842180,27,75
1699922843181,32,27
1699922844186,-13,45
1699922845192,-7,27
1699922846193,-18,33
1699922847198,21,53
1699922848204,24,46
1699922849205,-7,89
1699922850206,15,16
1699922851208,-3,25
1699922852213,-4,36
1699922853218,2,19
1699922854220,0,17
1699922855225,-17,19
1699922856226,30,95
1699922857228,-19,84
1699922858231,-4,9
1699922859234,14,89
1699922860236,-5,87
1699922861242,-1,73
1699922862247,1,46
1699922863252,14,95
1699922864258,9,3
1699922865263,33,32
1699922866267,19,58
1699922867272,16,97
1699922868274,36,74
1699922869279,-14,60
1699922870285,-12,59
1699922871291,-6,74
1699922872297,-6,29
1699922873300,8,31
1699922874306,8,54
1699922875308,39,64
1699922876313,-17,70
1699922877316,32,10
1699922878324,19,42
1699922879327,39,28
1699922880328,-3,21
1699922881330,-11,44
1699922882333,-13,26
1699922883335,20,13
1699922884340,40,72
1699922885346,-5,66
1699922886349,40,17
1699922887352,36,96
1699922888358,23,85
1699922889364,14,58
1699922890370,21,12
1699922891376,-8,76
1699922892381,-15,32
1699922893387,-3,90
1699922894389,28,96
1699922895391,1,19
1699922896398,11,54
1699922897400,33,100
1699922898406,13,86
1699922899412,7,50
1699922900414,22,2
1699922901419,39,17
1699922902425,16,18
1699922903431,34,52
1699922904434,-6,27
1699922905439,40,7
1699922906441,-1,18
1699922907447,-13,88
1699922908450,-12,54
1699922909454,24,58
1699922910459,-16,93
1699922911463,6,83
1699922912468,-16,57
1699922913472,24,54
1699922914478,24,70
1699922915484,-11,70
1699922916488,14,92
1699922917493,3,5
1699922918498,-5,76
1699922919503,20,64
1699922920508,33,74
1699922921514,-19,43
1699922922519,23,43
1699922923533,29,57
1699922924536,11,83
1699922925538,-15,60
1699922926539,11,80
1699922927540,-13,52
1699922928545,34,27
1699922929551,31,26
1699922930556,34,11
1699922931561,-6,68
1699922932562,24,3
1699922933568,-11,70
1699922934574,10,81
1699922935580,-15,54
1699922936585,-18,68
1699922937591,4,5
1699922938597,0,17
1699922939603,5,24
1699922940605,28,41
1699922941611,32,41
1699922942614,9,20
1699922943619,19,57
1699922944628,17,49
1699922945629,12,90
1699922946633,18,51
1699922947636,6,45
1699922948641,19,4
1699922949646,22,49
1699922950652,1,7
1699922951657,8,77
1699922952660,35,29
1699922953665,29,3
1699922954671,-15,98
1699922955676,-1,45
1699922956681,9,32
1699922957686,0,18
1699922958691,8,20
1699922959696,-19,43
1699922960701,-5,68
1699922961707,-5,33
1699922962712,39,87
1699922963717,35,84
1699922964722,0,70
1699922965728,24,57
1699922966730,40,28
1699922967737,5,27
1699922968743,-15,57
1699922969751,28,43
1699922970759,29,77
1699922971763,34,17
1699922972771,17,57
1699922973775,33,51
1699922974782,-14,45
1699922975788,-7,44
1699922976792,38,77
1699922977800,38,32
1699922978807,1,40
1699922979814,-5,29
1699922980821,-5,94
1699922981828,38,98
1699922982832,27,92
1699922983837,17,3
1699922984844,24,89
1699922985851,-3,31
1699922986857,14,54
1699922987863,-8,67
1699922988870,12,61
1699922989877,39,43
1699922990883,6,99
1699922991886,32,14
1699922992889,-11,21
1699922993892,11,23
1699922994898,-12,81
1699922995905,19,22
1699922996907,8,13
1699922997914,29,33
1699922998919,21,26
1699922999923,36,29
1699923000928,-3,26
1699923001934,38,8
1699923002939,8,10
1699923003945,19,4
1699923004950,-13,35
1699923005955,33,96
1699923006959,-9,26
1699923007962,6,69
1699923008968,35,5
1699923009974,14,45
1699923010977,6,27
1699923011979,16,4
1699923012985,-14,9
1699923013989,32,49
1699923014994,-13,94
1699923015997,11,38
1699923017003,17,6
1699923018009,-13,6
1699923019015,19,83
1699923020016,-11,81
1699923021022,30,48
1699923022027,-12,37
1699923023033,-14,25
1699923024035,-15,71
1699923025041,12,72
1699923026047,37,10
1699923027051,0,12
1699923028056,26,46
1699923029062,17,98
1699923030066,26,66
1699923031071,38,3
1699923032074,13,92
1699923033079,25,34
1699923034081,15,65
1699923035086,19,66
1699923036091,21,13
1699923037094,3,25
1699923038099,-15,68
1699923039105,22,65
1699923040109,23,11
1699923041115,-18,5
1699923042116,-17,28
1699923043122,-14,22
1699923044127,-12,1
1699923045133,13,74
1699923046136,29,10
1699923047140,23,41
1699923048144,-20,71
1699923049148,31,53
1699923050150,-13,34
1699923051151,-10,51
1699923052156,-12,98
1699923053162,14,95
1699923054164,22,95
1699923055166,36,61
1699923056167,31,40
1699923057173,3,72
1699923058178,-19,27
1699923059183,1,54
1699923060186,-11,29
1699923061190,-14,8
1699923062196,12,91
1699923063200,-14,14
1699923064206,-15,16
1699923065211,-8,61
1699923066217,10,70
1699923067223,32,9
1699923068226,11,15
1699923069232,4,57
1699923070235,2,72
1699923071241,35,24
1699923072242,36,65
1699923073248,24,95
1699923074254,17,3
1699923075255,10,89
1699923076256,15,33
1699923077262,-14,61
1699923078265,15,57
1699923079269,21,32
1699923080272,-13,43
1699923081277,12,32
1699923082278,-12,63
1699923083281,26,27
1699923084285,18,88
1699923085289,-10,69
1699923086294,32,9
1699923087300,26,55
1699923088304,28,24
1699923089306,-12,14
1699923090310,21,88
1699923091314,1,6
1699923092318,34,52
1699923093324,18,18
1699923094329,3,24
1699923095334,37,62
1699923096341,17,35
1699923097346,-1,17
1699923098352,3,31
1699923099354,-2,51
1699923100360,24,62
1699923101362,-18,18
1699923102368,-6,98
1699923103374,-3,75
1699923104378,7,74
1699923105384,9,54
1699923106389,21,79
1699923107395,33,52
1699923108397,7,21
1699923109400,34,33
1699923110402,-10,17
1699923111408,37,99
1699923112409,16,84
1699923113415,39,35
1699923114421,3,51
1699923115427,27,80
1699923116431,34,89
1699923117433,-11,84
1699923118436,24,16
1699923119442,27,22
1699923120446,5,20
1699923121448,-16,29
1699923122451,14,47
1699923123456,-1,61
1699923124461,14,10
1699923125465,2,60
1699923126470,9,73
1699923127473,2,52
1699923128477,7,36
1699923129482,4,18
1699923130485,-16,56
1699923131488,6,99
1699923132494,34,72
1699923133497,-15,90
1699923134503,-5,39
1699923135508,12,60
1699923136513,3,11
1699923137519,-17,98
1699923138520,23,5
1699923139526,-16,85
1699923140532,14,45
1699923141538,33,58
1699923142543,12,54
1699923143546,6,26
1699923144552,3,76
1699923145558,19,70
1699923146561,-19,65
1699923147567,-6,11
1699923148568,-2,8
1699923149574,24,84
1699923150577,-4,82
1699923151583,29,40
1699923152589,9,34
1699923153592,23,13
1699923154594,16,14
1699923155600,23,62
1699923156602,23,47
1699923157608,27,69
1699923158614,-20,59
1699923159617,17,35
1699923160622,-14,79
1699923161623,-17,30
1699923162628,7,52
1699923163633,37,20
1699923164639,11,54
1699923165645,-7,90
1699923166650,1,13
1699923167654,-10,61
1699923168660,29,16
1699923169664,24,95
1699923170667,-9,99
1699923171668,34,34
1699923172669,40,15
1699923173673,24,94
1699923174676,27,29
1699923175682,-3,77
1699923176686,6,78
1699923177692,35,91
1699923178699,37,26
1699923179703,34,71
1699923180709,28,14
1699923181715,-15,83
1699923182720,28,70
1699923183726,-18,2
1699923184730,20,74
1699923185735,39,38
1699923186739,14,70
1699923187745,10,91
1699923188751,7,50
1699923189756,-17,42
1699923190758,34,3
1699923191764,15,57
1699923192766,7,100
1699923193772,28,20
1699923194776,17,55
1699923195777,21,6
1699923196779,-4,55
1699923197784,10,72
1699923198785,9,50
1699923199790,-16,87
1699923200793,9,38
1699923201799,1,81
1699923202804,-18,26
1699923203809,16,76
1699923204810,7,61
1699923205816,39,62
1699923206821,25,24
1699923207825,-13,97
1699923208828,-7,26
1699923209830,-5,34
1699923210835,33,11
1699923211838,-12,63
1699923212843,30,16
1699923213848,21,35
1699923214853,0,13
1699923215859,-4,13
1699923216864,21,72
1699923217869,33,3
1699923218875,24,100
1699923219877,-14,1
1699923220883,3,68
1699923221888,7,23
1699923222894,-6,20
1699923223897,2,92
1699923224903,-20,37
1699923225907,14,94
1699923226913,36,39
1699923227919,2,24
1699923228922,-13,90
1699923229927,21,84
1699923230932,-17,22
1699923231938,-4,9
1699923232943,39,22
1699923233948,22,57
1699923234954,-9,38
1699923235959,-18,60
1699923236964,-2,83
1699923237969,17,22
1699923238975,6,11
1699923239978,-14,36
1699923240980,30,59
1699923241985,29,76
1699923242987,3,51
1699923243992,-11,59
1699923244998,-3,61
1699923246002,24,8
1699923247009,3,34
1699923248014,-15,88
1699923249015,-17,89
1699923250019,-18,77
1699923251024,40,8
1699923252025,17,12
1699923253030,36,54
1699923254035,7,12
1699923255039,38,35
1699923256045,7,15
1699923257050,-9,35
1699923258055,3,6
1699923259057,23,98
1699923260062,-2,14
1699923261065,10,22
1699923262070,9,71
1699923263074,24,69
1699923264079,11,17
1699923265085,21,88
1699923266090,-19,13
1699923267093,22,26
1699923268097,33,68
1699923269103,28,67
1699923270107,22,87
1699923271113,12,4
1699923272115,33,34
1699923273121,-5,21
1699923274124,6,57
1699923275129,-1,72
1699923276134,0,50
1699923277140,33,67
1699923278144,32,67
1699923279150,11,42
1699923280155,7,13
1699923281161,25,44
1699923282164,2,64
1699923283169,16,90
1699923284170,-5,41
1699923285171,35,18
1699923286174,27,82
1699923287176,-19,81
1699923288179,9,25
1699923289181,-7,25
1699923290187,36,9
1699923291193,14,37
1699923292194,-8,33
1699923293195,10,46
1699923294201,7,60
1699923295207,-14,41
1699923296209,-16,2
1699923297214,-7,13
1699923298220,15,88
1699923299230,4,17
1699923300235,36,15
1699923301246,15,72
1699923302248,9,20
1699923303250,36,13
1699923304257,36,83
1699923305268,1,61
1699923306272,10,78
1699923307279,-8,87
1699923308289,5,33
1699923309300,19,91
1699923310301,-9,3
1699923311309,15,37
1699923312318,-10,9
1699923313320,-7,30
1699923314322,6,36
1699923315333,30,5
1699923316338,5,78
1699923317350,3,32
1699923318354,38,6
1699923319365,-18,35
1699923320370,29,79
1699923321380,37,92
1699923322385,-5,51
1699923323390,36,52
1699923324397,17,23
1699923325406,4,13
1699923326413,0,88
1699923327424,38,41
1699923328433,-15,34
1699923329441,-4,86
1699923330447,15,94
1699923331453,31,62
1699923332458,-14,43
1699923333465,16,80
1699923334476,35,64
1699923335483,8,60
1699923336489,33,81
1699923337491,6,48
1699923338502,7,100
1699923339506,-10,42
1699923340517,37,39
1699923341521,-14,66
1699923342530,-13,73
1699923343538,31,64
1699923344543,36,79
1699923345553,11,51
1699923346563,20,76
1699923347571,-15,14
1699923348573,-19,73
1699923349582,-8,81
1699923350593,-1,71
1699923351601,33,38
1699923352607,12,7
1699923353618,29,29
1699923354629,10,31
1699923355636,-12,24
1699923356645,40,87
1699923357653,14,91
1699923358662,9,96
1699923359672,17,40
1699923360678,-16,3
1699923361681,15,45
1699923362692,21,49
1699923363695,5,74
1699923364696,38,42
1699923365702,21,35
1699923366710,-1,24
1699923367720,24,46
1699923368729,-18,8
1699923369733,28,5
1699923370739,-3,56
1699923371742,2,41
1699923372745,11,88
1699923373754,16,65
1699923374758,-20,19
1699923375760,36,62
1699923376771,15,29
1699923377776,18,76
1699923378781,23,63
1699923379783,29,80
1699923380788,-16,19
1699923381798,31,95
1699923382805,9,17
1699923383812,15,78
1699923384819,0,71
1699923385825,-19,24
1699923386829,40,79
1699923387831,21,49
1699923388842,34,89
1699923389846,4,80
1699923390855,5,98
1699923391862,-15,49
1699923392873,-11,93
1699923393876,-16,14
1699923394886,6,69
1699923395894,9,33
1699923396905,6,65
1699923397914,38,33
1699923398925,-3,25
1699923399934,-3,72
1699923400942,-12,13
1699923401944,-13,41
1699923402949,-18,80
1699923403958,8,57
1699923404968,28,65
1699923405971,-5,70
1699923406974,22,66
1699923407979,27,64
1699923408989,-20,99
1699923409997,-12,84
1699923410998,36,9
1699923412001,27,74
1699923413003,-17,74
1699923414010,18,99
1699923415014,-5,7
1699923416022,-11,48
1699923417033,8,99
1699923418036,18,36
1699923419045,0,10
1699923420047,38,84
1699923421049,31,31
1699923422059,40,91
1699923423064,-8,80
1699923424071,39,38
1699923425081,21,51
1699923426091,18,96
1699923427102,-15,79
1699923428109,24,62
1699923429120,1,71
1699923430124,13,46
1699923431131,30,26
1699923432142,27,26
1699923433153,-17,67
1699923434156,13,70
1699923435167,-7,35
1699923436171,22,95
1699923437174,9,31
1699923438177,27,3
1699923439188,-13,86
1699923440198,-19,91
1699923441205,2,6
1699923442211,-18,19
1699923443221,20,11
1699923444223,40,48
1699923445224,26,59
1699923446234,-8,47
1699923447245,-10,68
1699923448255,-14,24
1699923449266,12,68
1699923450271,5,32
1699923451280,5,29
1699923452288,19,61
1699923453298,-3,6
1699923454304,-9,98
1699923455315,2,40
1699923456319,10,25
1699923457329,31,34
1699923458337,24,33
1699923459346,34,30
1699923460349,-16,50
1699923461356,37,74
1699923462367,6,11
1699923463367,-20,57
1699923464375,29,59
1699923465381,8,52
1699923466383,23,92
1699923467392,-19,39
1699923468395,-4,67
1699923469400,12,86
1699923470411,32,13
1699923471418,9,21
1699923472425,-6,7
1699923473428,16,36
1699923474436,4,9
1699923475444,22,47
1699923476450,29,16
1699923477454,37,88
1699923478464,3,87
1699923479466,3,16
1699923480470,28,29
1699923481481,-10,27
1699923482489,8,80
1699923483497,-6,27
1699923484505,0,5
1699923485513,0,8
1699923486518,21,39
1699923487529,9,77
1699923488538,28,50
1699923489549,40,24
1699923490559,-12,63
1699923491570,-10,20
1699923492580,-3,13
1699923493587,17,93
1699923494595,7,14
1699923495606,20,79
1699923496617,-2,38
1699923497627,16,2
1699923498631,3,1
1699923499640,0,61
1699923500648,-20,97
1699923501659,-17,22
1699923502668,33,8
1699923503674,-19,97
1699923504684,-8,25
1699923505695,1,76
1699923506705,25,71
1699923507714,35,66
1699923508725,13,19
1699923509736,15,41
1699923510747,29,2
1699923511758,24,26
1699923512763,-8,34
1699923513769,-10,75
1699923514772,-18,69
1699923515781,13,32
1699923516792,33,91
1699923517802,23,14
1699923518813,36,85
1699923519824,37,93
1699923520835,3,84
1699923521844,10,77
1699923522848,-8,43
1699923523855,-9,50
1699923524858,17,88
1699923525869,34,2
1699923526876,3,14
1699923527882,21,64
1699923528887,10,72
1699923529893,-17,94
1699923530899,18,91
1699923531905,4,77
1699923532911,-15,45
1699923533914,22,87
1699923534917,0,22
1699923535921,-12,39
1699923536924,-7,17
1699923537930,14,51
1699923538931,39,34
1699923539936,37,51
1699923540941,32,5
1699923541947,25,76
1699923542953,-10,40
1699923543954,29,14
1699923544959,39,6
1699923545962,19,47
1699923546966,30,63
1699923547972,4,95
1699923548978,23,11
1699923549981,7,86
1699923550987,10,60
1699923551990,39,22
1699923552996,12,68
1699923553999,17,42
1699923555004,31,63
1699923556007,17,31
1699923557013,10,62
1699923558016,4,57
1699923559018,1,13
1699923560024,11,42
1699923561029,12,82
1699923562032,40,64
1699923563038,1,2
1699923564042,18,61
1699923565046,38,25
1699923566051,-16,82
1699923567052,34,3
1699923568058,-8,88
1699923569063,38,89
1699923570069,28,45
1699923571075,-14,14
1699923572079,-3,78
1699923573081,9,57
1699923574087,-12,64
1699923575090,8,5
1699923576095,24,74
1699923577101,33,78
1699923578105,15,31
1699923579109,22,78
1699923580115,-3,69
1699923581121,-3,76
1699923582126,39,4
1699923583133,39,69
1699923584137,15,87
1699923585142,4,12
1699923586147,-12,76
1699923587148,-10,94
1699923588154,25,61
1699923589160,-16,15
1699923590166,29,73
1699923591167,18,52
1699923592169,36,56
1699923593175,28,89
1699923594179,13,62
1699923595181,-11,75
1699923596186,30,3
1699923597192,22,91
1699923598197,31,78
1699923599203,-5,20
1699923600209,-2,98
1699923601214,-7,87
1699923602220,23,37
1699923603226,-11,93
1699923604231,-8,27
1699923605233,-15,42
1699923606235,-11,85
1699923607236,40,1
1699923608237,-3,37
1699923609240,34,69
1699923610246,17,88
1699923611251,40,35
1699923612257,40,11
1699923613263,21,51
1699923614269,30,43
1699923615275,-3,17
1699923616281,16,6
1699923617287,11,28
1699923618293,-16,31
1699923619299,32,13
1699923620305,29,62
1699923621311,-16,57
1699923622317,5,24
1699923623322,-5,15
1699923624328,9,12
1699923625332,29,12
1699923626338,-19,29
1699923627344,-11,96
1699923628346,-5,66
1699923629350,-13,28
1699923630356,-15,70
1699923631362,19,65
1699923632366,40,24
1699923633372,-2,59
1699923634378,-3,3
1699923635384,30,27
1699923636389,25,26
1699923637395,15,45
1699923638400,3,36
1699923639406,-9,62
1699923640411,-8,88
1699923641417,-19,100
1699923642422,2,48
1699923643424,-2,58
1699923644425,16,55
1699923645427,-19,16
1699923646429,38,39
1699923647433,26,22
1699923648437,-9,23
1699923649443,11,8
1699923650448,-3,11
1699923651455,27,5
1699923652460,-15,89
1699923653466,1,40
1699923654472,-2,31
1699923655477,22,59
1699923656483,1,57
1699923657489,0,37
1699923658493,19,71
1699923659499,-8,17
1699923660505,38,66
1699923661511,38,31
1699923662517,21,60
1699923663521,-8,2
1699923664526,8,86
1699923665532,39,16
1699923666535,39,60
1699923667541,-1,51
1699923668547,35,38
1699923669553,17,50
1699923670554,23,60
1699923671560,1,53
1699923672562,14,12
1699923673568,30,22
1699923674571,-5,33
1699923675572,27,5
1699923676578,0,23
1699923677584,15,6
1699923678588,16,87
1699923679594,23,48
1699923680600,23,16
1699923681606,3,96
1699923682612,12,65
1699923683618,32,69
1699923684619,-18,63
1699923685625,12,83
1699923686631,-20,65
1699923687637,24,31
1699923688643,16,22
1699923689649,-1,71
1699923690655,18,76
1699923691661,38,18
1699923692667,18,84
1699923693671,35,65
1699923694677,-19,20
1699923695683,-16,44
1699923696688,35,27
1699923697692,35,75
1699923698698,29,52
1699923699704,-6,85
1699923700709,-5,58
1699923701715,-2,29
1699923702721,-12,13
1699923703727,1,35
1699923704729,30,31
1699923705735,12,32
1699923706740,27,66
1699923707746,22,99
1699923708749,27,10
1699923709755,38,4
1699923710756,-11,77
1699923711761,-6,81
1699923712763,8,81
1699923713765,5,27
1699923714771,-8,65
1699923715776,23,5
1699923716782,26,4
1699923717786,-7,38
1699923718792,-11,22
1699923719798,-18,41
1699923720803,35,32
1699923721805,-2,61
1699923722811,2,21
1699923723817,35,56
1699923724822,26,87
1699923725828,35,93
1699923726834,23,10
1699923727838,40,78
1699923728843,33,95
1699923729844,14,31
1699923730847,24,11
1699923731848,-10,81
1699923732850,24,66
1699923733855,-12,62
1699923734856,38,69
1699923735857,12,93
1699923736858,7,94
1699923737859,12,60
1699923738862,1,42
1699923739863,9,66
1699923740868,18,77
1699923741874,8,34
1699923742875,40,81
1699923743880,-6,91
1699923744881,28,41
1699923745882,10,2
1699923746884,14,92
1699923747888,33,17
1699923748894,14,24
1699923749899,-15,95
1699923750902,-4,78
1699923751903,-13,85
1699923752909,18,45
1699923753915,3,91
1699923754917,-20,15
1699923755921,28,43
1699923756924,-18,59
1699923757927,-13,43
1699923758927,33,75
1699923759932,40,26
1699923760934,-12,85
1699923761938,-15,29
1699923762940,40,45
1699923763941,10,32
1699923764946,-8,31
1699923765948,33,74
1699923766953,-5,3
1699923767955,30,19
1699923768957,38,82
1699923769961,7,28
1699923770963,24,28
1699923771965,26,32
1699923772966,-19,76
1699923773968,-20,89
1699923774969,-17,29
1699923775971,-18,94
1699923776972,9,87
1699923777973,2,15
1699923778975,-20,28
1699923779976,25,42
1699923780980,35,72
1699923781982,-6,61
1699923782984,-9,19
1699923783988,-7,76
1699923784991,-1,14
1699923785994,14,46
1699923786995,40,36
1699923787997,37,2
1699923789001,10,97
1699923790002,-4,17
1699923791004,-20,25
1699923792005,-3,7
1699923793005,6,37
1699923794008,38,15
1699923795009,11,88
1699923796015,-19,53
1699923797016,-3,77
1699923798021,0,51
1699923799028,20,17
1699923800034,-20,91
1699923801039,3,23
1699923802043,-17,18
1699923803047,-16,31
1699923804053,7,9
1699923805056,34,85
1699923806061,23,35
1699923807063,-16,93
1699923808070,28,14
1699923809073,3,28
1699923810079,15,45
1699923811085,-15,62
1699923812091,14,76
1699923813095,10,24
1699923814099,15,56
1699923815105,17,84
1699923816110,24,67
1699923817116,27,28
1699923818117,31,84
1699923819123,23,22
1699923820127,22,49
1699923821133,14,11
1699923822134,-13,69
1699923823139,22,62
1699923824141,30,33
1699923825146,-14,99
1699923826147,23,58
1699923827153,-8,18
1699923828159,-1,71
1699923829162,12,48
1699923830168,-3,59
1699923831172,22,58
1699923832178,28,11
1699923833183,-4,95
1699923834187,17,69
1699923835193,-5,96
1699923836199,-12,47
1699923837205,28,78
1699923838209,-11,41
1699923839214,-4,44
1699923840218,30,78
1699923841224,24,15
1699923842229,2,69
1699923843231,-12,92
1699923844235,-13,63
1699923845239,30,39
1699923846240,7,97
1699923847246,-16,24
1699923848249,-16,42
1699923849254,13,70
1699923850260,-6,78
1699923851266,-5,34
1699923852267,12,64
1699923853273,-5,19
1699923854278,35,76
1699923855284,34,94
1699923856290,17,94
1699923857296,13,43
1699923858302,-8,100
1699923859307,-9,18
1699923860313,18,30
1699923861319,32,54
1699923862325,27,2
1699923863331,-6,51
1699923864335,39,50
1699923865339,35,62
1699923866345,-5,76
1699923867351,-8,61
1699923868357,-10,66
1699923869360,-14,55
1699923870366,7,30
1699923871372,-10,29
1699923872377,6,88
1699923873380,-1,29
1699923874384,4,9
1699923875313,17,93
1699923876315,18,49
1699923877321,-16,15
1699923878326,8,64
1699923879331,22,27
1699923880335,33,19
1699923881341,9,28
1699923882345,18,78
1699923883348,4,69
1699923884352,-9,30
1699923885358,-3,54
1699923886360,4,100
1699923887366,22,3
1699923888372,-10,57
1699923889375,-4,33
1699923890378,24,41
1699923891384,-15,21
1699923892390,37,1
1699923893395,11,46
1699923894400,-2,21
1699923895406,34,11
1699923896412,-13,3
1699923897418,4,63
1699923898424,17,70
1699923899430,29,21
1699923900435,23,20
1699923901441,31,34
1699923902447,23,64
1699923903450,22,41
1699923904452,-9,16
1699923905455,17,96
1699923906461,17,60
1699923907467,29,62
1699923908473,-6,36
1699923909479,38,32
1699923910485,29,97
1699923911491,-12,12
1699923912495,-2,92
1699923913501,-15,20
1699923914506,18,5
1699923915512,13,44
1699923916517,29,86
1699923917522,30,12
1699923918526,-6,28
1699923919532,8,62
1699923920538,7,49
1699923921544,33,57
1699923922550,-5,58
1699923923555,-18,44
1699923924561,27,36
1699923925567,39,59
1699923926573,7,43
1699923927579,-15,26
1699923928583,28,24
1699923929589,-4,94
1699923930595,23,2
1699923931601,-1,54
1699923932603,26,73
1699923933609,28,76
1699923934612,-14,84
1699923935618,-7,26
1699923936623,-3,22
1699923937629,-1,30
1699923938635,-10,64
1699923939641,-12,93
1699923940645,34,80
1699923941651,24,47
1699923942652,26,80
1699923943658,0,58
1699923944660,-8,88
1699923945666,-12,97
1699923946670,15,70
1699923947676,24,45
1699923948678,-12,90
1699923949684,19,41
1699923950690,40,84
1699923951696,28,97
1699923952702,15,24
1699923953707,16,22
1699923954713,12,93
1699923955719,26,91
1699923956725,21,62
1699923957729,-13,98
1699923958735,38,83
1699923959741,14,59
1699923960747,-6,44
1699923961752,37,60
1699923962758,17,93
1699923963764,17,50
1699923964770,33,75
1699923965776,9,60
1699923966778,-13,51
1699923967781,-11,37
1699923968787,-13,28
1699923969792,22,99
1699923970794,37,79
1699923971800,-7,56
1699923972806,-2,95
1699923973813,32,34
1699923974817,-9,60
1699923975822,6,61
1699923976828,-11,21
1699923977834,-7,48
1699923978840,16,59
1699923979846,-3,3
1699923980851,-3,68
1699923981853,32,5
1699923982859,40,48
1699923983862,-9,85
1699923984867,-11,39
1699923985873,-4,84
1699923986879,26,16
1699923987885,29,63
1699923988889,40,73
1699923989895,39,97
1699923990897,-4,99
1699923991903,2,67
1699923992904,26,6
1699923993910,37,80
1699923994915,-9,45
1699923995921,17,68
1699923996923,-19,60
1699923997928,3,21
1699923998934,-15,32
1699923999938,2,1
1699924000941,17,50
1699924001946,26,25
1699924002952,-16,89
1699924003958,5,100
1699924004964,31,46
1699924005967,11,37
1699924006972,39,31
1699924007977,-18,35
1699924008981,-3,96
1699924009987,29,12
1699924010993,-7,26
1699924011999,-18,13
1699924013003,-18,69
1699924014009,1,24
1699924015013,-11,17
1699924016019,-15,27
1699924017023,-6,17
1699924018029,29,76
1699924019035,17,16
1699924020036,12,45
1699924021042,12,23
1699924022043,-1,46
1699924023049,25,8
1699924024054,12,73
1699924025056,3,99
1699924026060,-11,76
1699924027063,28,28
1699924028067,29,27
1699924029071,-3,88
1699924030076,-8,11
1699924031079,6,9
1699924032084,27,67
1699924033089,10,82
1699924034095,34,79
1699924035097,3,67
1699924036099,18,7
1699924037104,19,88
1699924038110,25,39
1699924039116,1,1
1699924040121,-13,52
1699924041127,3,48
1699924042133,14,91
1699924043138,3,86
1699924044142,-14,97
1699924045148,8,21
1699924046154,7,54
1699924047155,22,20
1699924048160,3,49
1699924049166,26,50
1699924050171,40,79
1699924051177,-3,71
1699924052183,-3,91
1699924053188,39,49
1699924054194,36,53
1699924055198,11,11
1699924056200,22,77
1699924057201,-6,31
1699924058205,7,71
1699924059210,40,95
1699924060216,24,3
1699924061222,35,53
1699924062228,8,1
1699924063234,37,52
1699924064240,-7,52
1699924065246,13,9
1699924066252,15,40
1699924067258,36,97
1699924068262,25,19
1699924069267,38,22
1699924070273,24,83
1699924071279,-14,61
1699924072281,24,66
1699924073284,-7,40
1699924074288,0,84
1699924075293,-12,99
1699924076299,18,72
1699924077305,-6,71
1699924078310,0,8
1699924079312,21,59
1699924080314,12,65
1699924081320,39,96
1699924082324,0,2
1699924083330,-6,2
1699924084332,20,50
1699924085338,34,97
1699924086344,-4,84
1699924087350,17,73
1699924088356,-9,58
1699924089360,13,21
1699924090366,-8,91
1699924091372,-10,56
1699924092376,15,60
1699924093380,-18,33
1699924094386,-1,20
1699924095389,-1,17
1699924096393,-14,48
1699924097399,-14,58
1699924098405,17,87
1699924099411,13,35
1699924100415,-13,44
1699924101421,14,1
1699924102423,32,65
1699924103426,-20,77
1699924104432,35,24
1699924105438,17,66
1699924106444,10,76
1699924107450,18,94
1699924108456,12,24
1699924109462,-13,65
1699924110468,5,44
1699924111470,34,37
1699924112476,21,25
1699924113482,-14,33
1699924114488,24,37
1699924115493,-19,76
1699924116499,-13,37
1699924117502,9,96
1699924118505,19,86
1699924119509,-6,25
1699924120512,23,1
1699924121518,14,43
1699924122522,21,26
1699924123528,7,60
1699924124530,-7,100
1699924125536,-13,89
1699924126542,33,88
1699924127547,-10,37
1699924128552,14,25
1699924129555,25,55
1699924130560,33,5
1699924131566,8,4
1699924132572,11,92
1699924133578,28,79
1699924134584,10,44
1699924135587,13,43
1699924136589,-6,93
1699924137594,16,81
1699924138600,-4,2
1699924139606,-10,15
1699924140612,0,80
1699924141618,4,74
1699924142621,21,11
1699924143627,-9,33
1699924144632,35,48
1699924145638,-2,48
1699924146644,-9,2
1699924147650,-9,4
1699924148656,13,17
1699924149662,17,36
1699924150667,-8,38
1699924151673,15,94
1699924152675,19,82
1699924153681,-15,6
1699924154683,38,17
1699924155689,-5,81
1699924156695,-15,3
1699924157701,-4,12
1699924158707,38,20
1699924159713,24,54
1699924160716,12,73
1699924161722,16,98
1699924162724,-9,75
1699924163726,6,11
1699924164732,40,39
1699924165738,-9,61
1699924166741,23,12
1699924167742,0,10
1699924168748,8,14
1699924169753,36,5
1699924170755,5,59
1699924171756,-7,100
1699924172759,33,90
1699924173765,-8,38
1699924174771,30,55
1699924175772,32,88
1699924176778,-1,51
1699924177783,33,98
1699924178789,4,82
1699924179795,9,62
1699924180801,37,96
1699924181805,36,67
1699924182809,-19,14
1699924183815,1,52
1699924184820,-9,3
1699924185825,20,29
1699924186831,3,22
1699924187837,-1,79
1699924188840,-14,46
1699924189843,-1,49
1699924190846,14,20
1699924191848,2,1
1699924192850,3,44
1699924193851,4,24
1699924194857,38,81
1699924195861,34,64
1699924196863,-8,24
1699924197866,-4,14
1699924198871,30,93
1699924199876,15,28
1699924200881,18,14
1699924201885,3,93
1699924202886,-4,97
1699924203887,-10,70
1699924204890,-14,95
1699924205892,36,6
1699924206895,30,86
1699924207900,27,63
1699924208905,12,43
1699924209911,-1,46
1699924210916,22,46
1699924211921,0,10
1699924212927,7,93
1699924213932,20,40
1699924214937,3,46
1699924215937,8,9
1699924216939,-12,95
1699924217941,23,13
1699924218947,-4,28
1699924219948,-19,80
1699924220953,20,22
1699924221959,18,9
1699924222961,9,77
1699924223964,6,85
1699924224970,4,44
1699924225976,-13,38
1699924226978,-11,73
1699924227983,-15,33
1699924228989,9,28
1699924229995,-10,95
1699924231000,23,25
1699924232006,20,80
1699924233011,29,49
1699924234017,22,24
1699924235021,-19,51
1699924236026,25,28
1699924237032,6,66
1699924238037,-1,39
1699924239043,15,87
1699924240048,-19,30
1699924241054,23,22
1699924242060,-14,51
1699924243066,16,43
1699924244071,-19,76
1699924245077,22,19
1699924246082,-11,45
1699924247084,-3,4
1699924248089,34,27
1699924249092,-19,25
1699924250098,28,30
1699924251103,33,73
1699924252108,-13,15
1699924253114,21,17
1699924254116,8,71
1699924255122,18,22
